OpenLayersMapCode,Intermediate Geography,"House sales, numbers : 1993","House sales, numbers : 1994","House sales, numbers : 1995","House sales, numbers : 1996","House sales, numbers : 1997","House sales, numbers : 1998","House sales, numbers : 1999","House sales, numbers : 2000","House sales, numbers : 2001","House sales, numbers : 2002","House sales, numbers : 2003","House sales, numbers : 2004","House sales, numbers : 2005","House sales, numbers : 2006","House sales, numbers : 2007","House sales, numbers : 2008","House sales, numbers : 2009","House sales, numbers : 2010","House sales, numbers : 2011","House sales, numbers : 2012","House sales, lower quartile price : 1993","House sales, lower quartile price : 1994","House sales, lower quartile price : 1995","House sales, lower quartile price : 1996","House sales, lower quartile price : 1997","House sales, lower quartile price : 1998","House sales, lower quartile price : 1999","House sales, lower quartile price : 2000","House sales, lower quartile price : 2001","House sales, lower quartile price : 2002","House sales, lower quartile price : 2003","House sales, lower quartile price : 2004","House sales, lower quartile price : 2005","House sales, lower quartile price : 2006","House sales, lower quartile price : 2007","House sales, lower quartile price : 2008","House sales, lower quartile price : 2009","House sales, lower quartile price : 2010","House sales, lower quartile price : 2011","House sales, lower quartile price : 2012","House sales, median price : 1993","House sales, median price : 1994","House sales, median price : 1995","House sales, median price : 1996","House sales, median price : 1997","House sales, median price : 1998","House sales, median price : 1999","House sales, median price : 2000","House sales, median price : 2001","House sales, median price : 2002","House sales, median price : 2003","House sales, median price : 2004","House sales, median price : 2005","House sales, median price : 2006","House sales, median price : 2007","House sales, median price : 2008","House sales, median price : 2009","House sales, median price : 2010","House sales, median price : 2011","House sales, median price : 2012","House sales, mean price : 1993","House sales, mean price : 1994","House sales, mean price : 1995","House sales, mean price : 1996","House sales, mean price : 1997","House sales, mean price : 1998","House sales, mean price : 1999","House sales, mean price : 2000","House sales, mean price : 2001","House sales, mean price : 2002","House sales, mean price : 2003","House sales, mean price : 2004","House sales, mean price : 2005","House sales, mean price : 2006","House sales, mean price : 2007","House sales, mean price : 2008","House sales, mean price : 2009","House sales, mean price : 2010","House sales, mean price : 2011","House sales, mean price : 2012","House sales, upper quartile : 1993","House sales, upper quartile : 1994","House sales, upper quartile : 1995","House sales, upper quartile : 1996","House sales, upper quartile : 1997","House sales, upper quartile : 1998","House sales, upper quartile : 1999","House sales, upper quartile : 2000","House sales, upper quartile : 2001","House sales, upper quartile : 2002","House sales, upper quartile : 2003","House sales, upper quartile : 2004","House sales, upper quartile : 2005","House sales, upper quartile : 2006","House sales, upper quartile : 2007","House sales, upper quartile : 2008","House sales, upper quartile : 2009","House sales, upper quartile : 2010","House sales, upper quartile : 2011","House sales, upper quartile : 2012"
S02000330,S02000330   Balerno,102,86,78,107,106,119,152,86,105,86,86,104,104,106,122,80,68,67,46,78,"47,000","50,500","53,000","51,000","59,000","75,000","60,000","60,000","70,000","83,005","98,882","117,705","127,000","149,151","157,500","167,475","150,254","148,000","135,000","145,000","74,644","80,000","106,000","81,000","128,565","140,126","111,056","114,500","138,000","141,550","190,000","170,998","280,500","226,075","305,000","279,000","230,000","238,000","283,000","248,650","91,104","100,367","116,085","102,524","127,463","141,527","139,041","133,441","172,715","179,525","216,282","224,271","288,342","279,968","333,860","320,046","255,775","269,005","313,320","279,657","122,050","130,000","145,000","141,500","170,000","195,000","191,925","193,276","250,000","247,000","279,500","297,500","363,082","375,000","430,000","408,500","345,000","345,000","415,995","362,500"
S02000331,S02000331   Bonaly and Pentlands,89,87,76,105,67,86,107,105,99,140,75,87,83,105,100,52,40,54,62,62,"68,500","75,000","66,250","76,500","79,157","77,000","90,176","117,029","102,000","171,975","175,000","175,000","215,000","235,000","241,000","242,475","218,750","250,000","245,000","248,100","96,000","99,226","95,000","105,000","104,527","104,513","135,531","172,500","133,945","207,000","225,000","238,000","268,000","278,000","299,825","317,500","333,250","298,000","307,500","307,500","119,662","124,116","125,724","120,393","122,812","131,384","149,359","193,115","165,379","229,914","250,934","267,047","294,058","316,689","352,775","355,987","343,489","348,018","346,751","349,585","150,577","155,000","142,325","146,338","145,000","160,250","175,000","208,380","199,945","249,500","297,200","319,530","351,000","385,000","447,663","510,000","473,282","495,333","410,000","415,415"
S02000332,S02000332   South East Bypass,101,72,85,107,110,108,140,198,98,98,111,110,90,112,107,66,43,34,33,42,"50,485","53,905","53,500","56,170","59,862","64,225","57,650","60,000","65,000","70,500","90,000","96,000","107,000","119,000","130,500","150,000","130,000","126,000","130,000","124,000","60,000","62,940","57,000","60,000","70,000","77,500","68,600","76,297","83,813","89,973","115,000","128,550","133,750","140,000","160,000","177,500","167,000","149,000","150,000","152,750","61,986","65,141","59,261","64,013","72,324","81,436","75,628","91,286","85,970","99,407","116,312","135,125","142,846","157,811","166,552","187,351","172,256","160,551","175,453","160,842","70,880","71,500","66,995","71,000","80,000","94,250","81,250","122,500","97,267","119,277","132,777","155,000","167,000","182,998","191,000","215,000","220,000","190,000","230,000","190,000"
S02000333,"S02000333   Gracemount, Southouse and Burdiehouse",48,41,32,41,34,46,45,39,40,63,54,91,97,94,84,47,61,36,30,39,"35,350","34,000","33,750","31,500","29,995","33,000","38,000","35,500","41,250","45,000","56,250","79,000","80,000","89,770","108,500","105,000","115,000","95,000","95,000","99,000","45,000","42,000","43,000","46,850","39,750","42,500","48,550","43,334","47,725","62,250","80,256","95,995","110,000","115,000","131,750","123,000","137,240","117,500","119,750","112,000","48,176","48,356","45,016","52,791","43,778","47,965","54,771","52,807","63,229","85,132","104,674","107,196","115,449","118,809","135,890","129,294","137,344","117,931","129,200","123,154","53,975","55,000","51,750","70,500","48,750","57,000","57,000","58,000","73,000","122,056","145,000","119,995","140,000","140,000","153,130","147,500","146,640","136,000","145,000","135,000"
S02000334,S02000334   Mortonhall,76,102,75,75,76,107,83,66,70,65,73,60,75,84,68,48,34,27,29,32,"45,000","46,750","45,000","48,950","49,998","48,500","55,000","59,500","53,255","67,500","83,500","97,175","103,000","119,500","152,208","153,500","137,000","120,000","132,500","115,000","57,833","57,750","54,500","53,000","68,000","57,950","71,175","82,250","69,975","91,250","107,250","123,500","136,109","165,011","205,025","173,750","156,000","158,000","175,555","150,500","67,183","71,128","68,695","64,902","77,310","72,111","85,919","92,514","93,593","105,400","124,458","153,295","151,534","177,624","218,215","203,665","195,195","194,056","185,138","163,473","74,000","88,000","82,500","77,000","88,250","80,257","107,000","116,000","116,016","122,000","153,950","179,340","195,000","221,250","250,000","237,500","225,000","230,000","217,500","216,250"
S02000335,S02000335   Fairmilehead,103,98,91,115,115,98,79,62,69,59,99,136,107,107,108,71,38,57,43,54,"67,000","69,500","71,000","75,000","76,000","78,103","87,000","92,000","107,500","135,000","163,000","182,000","192,500","224,950","229,975","229,950","240,000","220,000","210,000","203,000","78,515","78,000","96,000","104,000","102,000","100,250","110,000","120,625","139,500","185,000","220,000","259,000","249,999","262,000","308,889","280,000","316,000","281,123","302,000","280,000","99,920","94,771","112,374","120,819","125,335","129,246","144,072","149,172","157,320","201,869","246,925","286,950","313,596","305,678","328,848","312,952","326,889","321,815","335,616","306,888","119,500","107,000","152,500","150,000","160,000","160,000","190,000","165,000","190,000","240,000","308,000","377,500","400,000","377,000","390,000","378,543","445,000","415,000","474,500","412,500"
S02000336,S02000336   Comiston and Swanston,92,135,77,104,105,93,92,99,88,76,78,80,80,81,72,58,40,54,52,44,"76,250","76,500","75,000","78,750","84,500","78,500","91,250","107,500","94,750","132,000","160,000","169,000","187,525","215,011","189,500","248,500","211,000","250,000","212,500","217,750","89,675","93,000","94,000","94,475","102,000","98,000","114,044","131,000","136,800","173,587","211,106","220,500","246,250","250,000","265,056","307,500","266,000","314,000","280,000","270,000","92,482","99,839","99,218","99,617","106,822","108,810","124,966","141,709","140,809","186,462","227,764","232,450","249,111","279,757","272,513","318,239","274,656","321,719","290,630","289,041","110,000","133,153","128,000","116,000","126,058","130,000","150,000","171,500","175,750","234,501","273,313","308,750","320,000","345,000","345,250","384,729","336,279","397,000","334,000","355,889"
S02000337,S02000337   Currie East,42,39,48,45,49,37,36,49,38,48,34,40,36,35,39,31,14,25,25,30,"60,000","65,279","66,875","67,000","72,750","81,325","84,578","92,000","95,000","99,748","135,000","144,825","157,000","184,000","179,995","212,000","170,000","150,000","198,000","187,000","74,175","80,000","79,500","82,000","84,000","95,125","96,500","111,500","120,667","132,085","180,389","184,877","190,000","213,132","237,150","250,000","187,000","185,085","225,000","217,500","75,622","78,362","78,632","82,109","86,497","100,212","103,316","117,234","121,513","134,782","173,654","189,536","195,874","223,517","250,114","258,063","197,143","197,021","225,948","226,425","90,000","92,000","88,858","93,500","99,500","108,000","115,059","140,000","148,850","164,890","210,000","233,250","224,750","241,733","299,000","280,000","215,000","249,995","245,000","250,000"
S02000338,S02000338   Hyvots and Gilmerton Dykes,45,56,44,29,40,44,47,50,91,60,71,73,71,64,96,34,32,31,20,30,"34,000","34,000","37,250","38,000","37,250","36,875","43,000","40,000","50,000","49,000","64,000","75,100","82,000","95,000","115,000","110,000","97,125","89,050","92,530","95,000","39,000","42,000","42,500","41,000","41,750","44,840","46,564","44,600","67,100","60,000","74,177","87,000","95,500","115,000","130,000","130,000","120,000","115,000","113,500","115,000","41,344","46,624","47,895","41,500","49,544","47,684","49,643","51,061","67,667","63,202","82,467","96,300","105,354","118,293","140,610","132,772","118,705","112,902","111,861","120,573","47,500","48,750","50,050","47,000","51,450","59,975","49,995","55,165","78,250","74,375","90,000","105,000","118,500","129,000","154,577","152,000","137,498","128,111","128,250","137,000"
S02000339,S02000339   Currie West,54,54,38,47,44,55,54,49,51,45,47,53,53,50,40,37,33,41,34,32,"52,000","56,000","55,750","57,000","56,153","55,000","67,000","70,000","72,000","90,650","105,225","131,050","130,000","141,151","160,500","159,995","150,000","162,500","155,000","146,250","60,000","60,000","64,250","60,000","67,750","70,000","78,000","81,000","86,000","117,500","126,255","157,259","158,000","162,576","180,000","170,000","165,000","187,800","170,000","170,000","62,026","66,822","69,834","67,590","70,834","71,997","89,118","92,134","92,551","124,091","138,655","162,123","167,113","175,914","198,426","185,401","180,085","201,422","198,176","170,972","68,000","75,000","77,000","78,000","78,975","84,158","105,000","112,000","105,000","145,000","160,000","181,179","192,500","198,000","215,000","180,500","210,000","230,000","222,500","189,013"
S02000340,S02000340   Baberton and Juniper Green,74,74,61,70,80,71,67,71,73,74,68,62,83,112,96,45,31,36,43,40,"54,000","53,000","56,700","55,000","53,750","60,000","60,000","70,000","81,000","93,000","91,500","123,000","130,000","156,500","173,500","160,000","153,000","154,000","160,000","195,500","62,000","66,750","71,000","67,000","68,000","75,000","75,000","94,000","112,537","125,000","130,000","154,105","170,000","212,500","215,000","210,000","195,000","195,000","220,000","240,000","67,591","71,158","74,099","77,296","71,708","80,434","88,205","107,777","112,103","139,460","142,403","174,094","187,114","236,331","237,135","240,252","207,636","227,438","241,500","272,915","75,059","78,000","84,000","87,000","83,750","90,000","105,000","130,000","131,500","159,000","165,000","185,258","209,500","282,500","263,500","299,750","232,080","237,500","280,000","329,500"
S02000341,S02000341   Oxgangs and Firrhill,71,66,70,71,67,78,77,80,134,183,164,198,204,204,170,92,68,82,75,84,"35,000","33,950","35,995","35,750","36,000","37,500","38,000","38,000","49,000","52,500","73,129","80,000","84,000","95,000","107,000","120,000","105,000","111,000","99,000","93,750","42,000","38,500","45,500","45,000","46,500","45,250","45,000","43,725","100,889","95,000","177,550","188,500","134,750","212,500","131,786","148,639","132,500","172,625","135,050","120,000","44,602","41,808","48,220","49,196","47,734","51,650","49,679","79,899","134,666","144,535","181,775","225,556","196,396","217,846","185,122","196,272","175,870","189,541","180,276","166,826","49,000","48,250","53,950","52,550","58,000","56,580","57,000","67,684","204,000","219,000","222,500","290,000","260,000","292,500","265,000","258,867","267,500","250,000","277,500","241,771"
S02000342,S02000342   Liberton East,37,39,111,133,160,144,188,126,137,124,121,94,72,90,107,59,31,50,36,45,"59,000","52,500","65,745","67,995","69,245","70,995","85,925","100,000","92,000","103,000","123,000","124,000","145,000","145,000","162,493","164,000","168,500","179,500","151,250","179,995","65,000","65,000","76,995","77,795","80,998","82,500","105,750","125,533","130,300","130,000","145,000","163,500","185,000","189,500","209,000","195,157","210,000","213,875","183,998","215,000","78,258","64,004","81,865","82,073","90,220","93,863","111,888","130,962","130,373","136,835","157,747","175,667","197,533","205,521","225,601","216,774","216,961","224,280","205,602","211,150","81,000","71,000","95,995","96,995","107,245","115,900","133,250","155,000","158,000","164,500","185,000","220,723","237,000","250,000","265,000","250,000","275,000","260,000","248,500","250,000"
S02000343,"S02000343   Ferniehill,  South Moredun and Craigour",43,72,50,36,51,65,48,46,111,62,72,115,107,84,87,64,36,36,29,33,"38,000","38,750","40,000","40,000","44,950","44,500","44,250","50,500","56,000","59,000","69,828","105,000","97,100","113,300","127,000","125,000","110,000","112,500","125,000","100,000","43,500","44,748","45,000","47,750","49,000","52,000","50,000","58,725","65,750","72,289","88,327","116,599","120,000","129,500","141,000","150,000","127,500","130,261","132,000","122,500","47,104","47,421","49,513","48,135","49,957","54,746","51,108","59,543","69,546","73,777","98,463","122,708","123,159","137,246","149,539","151,050","121,501","127,642","134,043","124,561","57,500","53,125","52,950","55,500","55,500","56,150","55,475","65,000","78,500","82,000","100,887","148,995","148,995","151,000","162,500","177,500","141,500","154,500","145,000","139,000"
S02000344,S02000344   Colinton and Kingsknowe,122,113,102,118,107,108,90,108,100,129,112,108,120,120,100,77,61,52,58,58,"46,000","49,000","51,000","48,500","50,000","52,500","56,000","60,000","69,000","88,000","93,000","107,264","118,975","125,000","156,300","150,000","135,000","135,175","168,000","138,000","55,500","72,500","78,500","56,000","55,000","59,250","79,432","75,500","85,280","122,000","124,128","126,000","141,806","146,612","185,500","179,000","169,500","230,000","277,500","203,000","75,040","85,176","87,957","73,034","80,912","87,316","108,112","117,307","124,094","139,922","156,371","172,425","201,624","220,108","255,771","221,870","235,332","252,866","330,074","229,332","95,000","103,000","110,000","95,000","102,000","105,772","136,677","150,000","167,536","180,000","205,000","222,264","250,000","299,750","312,500","312,000","330,125","363,530","450,000","300,000"
S02000345,S02000345   Moredun,21,21,15,17,16,26,90,42,53,59,50,46,63,41,36,20,19,21,13,21,"37,000","39,950","30,000","37,000","33,000","45,000","73,500","85,000","58,000","60,000","85,100","85,000","110,000","115,000","131,500","115,500","122,000","124,000","127,000","120,000","45,000","46,000","44,950","55,900","53,475","50,500","80,750","94,000","71,000","79,000","113,557","101,000","144,995","128,950","148,250","131,500","135,000","142,000","151,500","139,000","47,879","53,358","45,167","55,493","53,740","58,789","79,976","88,986","75,591","78,677","114,247","107,878","133,562","136,697","156,028","155,134","147,789","146,959","163,385","168,684","48,500","72,000","48,500","65,500","69,500","69,500","89,000","101,000","92,000","96,500","131,242","130,000","150,000","155,000","182,500","194,000","168,000","165,000","178,000","210,000"
S02000346,S02000346   Liberton West,61,66,66,68,56,87,69,58,69,44,77,59,54,66,51,48,26,25,39,34,"47,000","52,500","60,000","74,500","54,950","57,250","70,000","70,000","80,000","91,825","99,450","122,500","166,841","137,500","141,141","143,000","123,500","132,000","145,000","205,000","79,000","80,054","93,250","96,218","79,825","95,000","117,000","135,575","140,000","137,725","126,051","220,000","248,500","250,000","234,000","250,000","257,750","250,000","250,000","252,500","78,514","84,868","92,370","97,970","87,707","98,430","118,278","134,431","142,377","147,345","159,110","224,456","246,206","260,670","257,618","259,741","253,048","257,015","250,000","269,282","106,000","115,000","128,000","117,000","122,250","125,000","160,000","175,513","178,000","186,250","197,000","302,000","306,500","335,000","332,500","342,500","365,000","325,000","320,000","339,000"
S02000347,S02000347   Braids,86,60,70,102,96,76,69,61,58,72,56,59,60,76,71,38,40,32,45,51,"80,744","89,250","101,000","100,000","117,072","129,250","151,000","156,500","155,000","186,250","230,116","260,000","222,500","247,498","282,000","301,450","291,500","320,000","305,125","277,500","117,425","120,000","119,638","131,067","142,160","150,500","200,000","195,000","202,129","245,000","305,000","360,000","317,500","322,500","404,570","412,500","355,550","402,500","391,000","405,000","119,435","122,236","129,327","139,718","155,481","164,047","210,145","202,026","209,181","260,791","311,530","350,658","326,918","376,956","410,745","441,596","366,564","397,178","393,265","403,223","147,000","149,500","152,000","175,000","196,525","214,000","260,000","249,750","250,000","313,057","377,500","425,000","441,584","472,000","526,000","562,960","441,197","510,250","461,275","500,000"
S02000348,S02000348   Clovenstone and Drumbryden,12,38,9,16,61,20,18,49,57,55,40,58,51,78,85,67,33,32,26,20,"24,100","22,000","25,500","24,225","35,500","24,000","25,000","29,995","34,000","31,000","32,998","40,000","55,000","60,000","83,000","87,750","90,950","72,500","65,000","57,500","28,750","27,500","25,950","27,500","38,000","31,750","29,850","38,000","38,500","36,000","39,250","57,031","65,000","72,475","95,000","103,000","106,058","84,000","75,006","66,750","29,386","27,865","28,338","31,478","38,747","32,257","30,545","39,572","42,695","41,997","46,412","59,522","67,864","75,897","95,370","104,521","111,871","83,958","81,008","75,665","33,026","30,000","31,500","32,750","44,000","37,750","32,000","49,000","56,700","55,000","52,925","73,000","79,500","82,000","107,000","119,000","125,000","97,500","93,200","94,500"
S02000349,S02000349   The Inch,57,52,46,60,45,73,73,76,86,165,120,114,95,115,106,84,53,48,49,56,"39,000","39,500","38,500","40,000","41,500","39,950","46,000","45,500","50,000","62,250","71,778","85,000","90,000","105,000","120,000","112,250","102,000","107,750","100,000","90,000","47,000","48,723","52,950","49,501","48,000","49,500","55,500","57,875","59,250","88,500","88,944","99,725","105,000","128,000","139,000","135,000","125,000","124,975","111,000","124,999","52,191","50,346","57,727","53,287","50,384","60,405","56,515","57,962","69,623","89,579","97,408","109,966","109,494","134,457","146,451","140,392","127,617","131,975","119,475","121,649","54,000","57,250","60,000","57,750","53,000","60,000","64,950","68,350","76,000","105,000","115,000","126,000","126,000","141,230","160,000","162,500","145,000","146,175","127,500","139,600"
S02000350,S02000350   Calders,39,42,27,38,32,58,44,104,47,70,80,76,71,75,72,60,28,27,28,30,"29,995","29,000","30,000","29,500","31,375","29,500","29,975","32,750","31,000","34,500","42,250","51,500","62,080","73,000","91,088","89,250","86,000","78,000","68,250","62,500","33,000","31,750","33,500","31,250","33,500","39,000","32,500","37,498","34,500","38,500","50,000","58,058","70,000","80,000","100,000","99,000","95,000","90,995","82,500","74,750","35,154","34,346","35,318","34,012","39,980","40,273","36,008","38,991","39,758","45,950","55,802","63,139","77,254","99,357","107,013","104,845","103,179","96,333","87,777","86,010","40,500","38,750","38,000","35,000","43,750","53,495","40,975","44,500","44,000","50,000","67,025","67,750","88,288","110,000","120,798","115,000","126,000","115,000","110,000","105,000"
S02000351,S02000351   Craiglockhart,113,125,133,102,140,118,127,105,119,133,126,99,115,129,248,131,81,92,86,74,"50,700","64,100","67,500","64,250","76,737","73,000","71,250","86,500","87,500","98,000","121,121","157,500","148,000","149,950","201,000","202,193","175,000","192,000","200,000","155,000","81,500","89,500","91,000","97,000","113,156","105,138","82,082","146,607","160,000","145,000","205,251","250,000","260,000","225,000","250,000","272,720","250,000","308,750","260,800","239,000","85,938","97,736","97,017","104,623","118,919","118,590","116,680","156,721","156,958","191,287","228,230","239,843","260,685","246,384","318,679","305,175","268,990","331,382","301,836","294,795","109,050","119,500","125,000","129,000","150,000","146,111","148,300","190,000","200,000","262,000","275,000","299,995","335,500","325,000","374,500","386,529","340,000","408,025","360,000","357,500"
S02000352,S02000352   Craighouse and South Morningside,175,208,147,155,186,188,184,154,150,165,104,143,146,164,139,78,76,87,71,89,"44,500","50,750","50,500","49,500","52,500","54,875","59,725","67,000","68,500","78,730","116,550","105,165","115,000","130,944","145,000","143,000","157,500","142,000","145,000","134,000","54,000","63,325","66,000","60,000","67,250","69,005","75,000","85,000","89,980","115,000","141,629","145,000","158,873","169,000","185,000","182,475","205,900","187,000","205,000","175,000","62,397","84,131","91,638","81,141","82,308","89,464","103,143","114,094","122,297","150,706","179,469","178,845","200,073","221,788","233,910","211,607","247,840","261,681","258,082","209,199","66,000","122,411","124,000","97,000","90,600","97,700","100,750","117,000","135,000","176,000","231,000","195,519","250,000","271,082","247,650","229,950","345,000","350,525","350,000","246,000"
S02000353,S02000353   Parkhead,66,74,57,54,63,64,72,75,76,110,91,73,101,98,101,58,28,23,24,28,"38,000","39,000","38,000","38,750","40,500","40,500","42,000","44,000","46,063","54,000","64,000","80,500","87,000","95,500","116,000","122,000","109,000","105,000","95,000","90,000","40,575","41,749","41,600","42,000","44,000","44,725","45,000","50,050","52,000","60,000","75,150","86,000","95,000","109,250","125,000","128,507","119,250","115,000","110,000","98,975","42,245","42,332","41,990","41,916","43,978","45,408","46,819","50,245","52,175","60,519","73,769","86,888","94,533","106,874","126,383","129,221","124,768","109,478","102,812","99,668","44,000","45,000","46,000","45,000","48,000","48,500","51,500","56,000","56,750","68,000","83,000","95,000","105,000","120,000","138,000","137,000","131,000","124,000","118,000","105,500"
S02000354,S02000354   Greendykes and Niddrie Mains,10,7,51,17,18,14,18,41,42,41,19,30,43,82,138,58,11,44,23,20,"54,750","27,000","23,950","28,950","26,250","35,000","34,500","34,000","39,000","45,100","55,100","66,500","65,550","105,000","128,997","120,000","102,500","110,000","92,000","93,500","60,000","60,000","27,950","33,750","34,725","40,975","35,000","34,950","42,250","53,600","65,000","75,750","85,000","137,600","150,000","155,265","112,500","136,500","115,000","119,750","67,842","51,282","28,501","43,920","51,762","50,452","51,896","36,601","48,584","57,981","69,564","81,311","91,132","129,515","159,992","151,970","125,591","146,615","125,712","118,838","75,000","65,027","28,450","60,000","60,000","66,750","39,000","35,000","51,500","62,600","72,500","82,500","110,000","150,000","162,000","171,000","150,000","160,000","165,000","136,875"
S02000355,S02000355   Blackford,152,136,131,128,145,156,160,147,171,143,122,133,178,186,213,110,71,100,90,97,"60,000","66,325","64,000","70,000","68,000","73,750","73,319","75,150","91,000","120,000","135,500","150,051","187,000","180,000","182,000","203,500","217,500","163,750","182,500","170,000","73,500","84,000","85,857","80,000","84,950","91,584","106,139","105,600","135,000","168,750","191,575","195,000","245,000","249,000","224,500","268,000","263,000","242,000","240,278","234,000","89,591","102,577","98,310","94,016","102,154","124,971","124,387","135,714","151,392","198,526","233,736","241,311","282,288","286,017","279,571","337,482","321,881","269,389","305,481","291,696","105,000","129,500","135,000","100,050","126,856","137,027","150,000","165,000","186,250","242,000","278,101","309,013","350,000","340,000","330,000","440,000","390,000","318,525","431,240","340,000"
S02000356,S02000356   Longstone and Saughton Mains,33,36,32,46,49,35,55,53,57,37,41,57,66,66,61,45,24,30,23,18,"35,950","38,875","37,000","39,500","39,750","41,000","43,000","43,117","44,500","55,267","60,000","80,000","83,000","90,000","105,000","120,000","105,000","100,000","89,000","95,000","42,000","50,500","50,000","48,500","51,000","53,000","52,000","55,000","55,950","78,000","75,000","95,977","95,080","117,500","125,000","131,050","116,000","130,084","110,000","114,000","46,228","53,084","52,225","49,950","52,564","54,664","63,089","60,516","59,952","85,692","88,285","112,196","108,812","121,917","135,533","146,775","116,422","132,447","126,826","127,077","55,000","60,000","60,000","56,500","60,000","66,000","64,100","74,000","72,000","105,000","96,250","130,495","134,158","150,000","152,000","175,000","131,000","170,000","162,500","167,167"
S02000357,S02000357   Morningside,187,168,163,164,183,171,202,170,155,147,162,145,165,160,170,101,85,127,114,111,"47,700","57,000","55,000","58,000","60,000","73,775","80,000","87,000","95,000","115,000","135,000","154,000","154,000","177,875","201,527","192,000","162,500","215,055","185,000","200,000","60,000","75,506","74,000","74,750","83,500","98,275","102,995","135,000","128,000","152,152","180,000","206,177","186,100","250,000","288,500","265,000","225,000","280,000","250,000","290,000","88,689","106,553","102,898","106,261","115,215","126,753","148,752","175,631","190,753","221,438","255,332","260,277","253,312","325,233","363,554","338,733","276,869","326,488","337,225","365,187","94,000","141,500","120,000","128,500","149,000","140,541","182,000","220,000","237,500","290,000","348,000","315,000","314,500","472,500","570,116","500,000","305,000","518,000","487,510","480,000"
S02000358,S02000358   Broomhouse and Sighthill,15,9,14,10,42,49,24,33,28,39,44,113,88,61,72,29,13,13,26,19,"32,000","37,000","34,500","35,000","35,000","42,000","37,248","36,000","40,000","41,000","59,250","82,000","89,150","95,000","118,759","120,000","112,000","94,000","92,500","95,000","35,000","40,100","39,750","35,000","46,500","55,995","41,750","41,300","47,750","49,500","70,275","113,000","111,264","107,000","135,000","135,000","119,000","110,000","106,500","112,000","37,296","40,573","39,854","38,551","52,393","57,764","48,616","44,512","50,111","55,715","84,220","121,000","129,790","122,155","143,009","145,603","135,748","115,115","104,846","125,884","46,000","42,000","44,950","46,500","67,495","67,995","57,500","47,000","57,950","68,000","126,000","169,000","167,500","135,000","165,500","162,500","138,000","125,000","130,000","175,000"
S02000359,S02000359   Hutchison and Moat,116,119,113,110,113,100,119,121,141,134,168,192,151,280,275,112,56,73,67,68,"34,250","37,500","39,000","38,500","38,000","43,000","44,750","48,000","54,000","60,000","80,000","96,585","100,000","116,000","141,299","129,386","115,000","115,000","109,000","102,250","40,000","42,000","47,500","45,250","42,500","52,000","51,357","54,000","60,000","72,750","100,250","134,139","124,000","161,000","175,950","161,125","129,398","128,000","120,000","125,000","44,947","47,232","50,523","54,248","50,350","57,400","58,494","63,959","67,508","81,886","107,303","135,704","137,262","159,687","180,249","162,729","142,359","140,695","136,630","144,958","55,500","56,000","58,950","67,000","60,000","68,975","69,000","78,500","78,100","100,000","125,000","169,220","166,000","193,250","200,000","187,725","166,500","172,500","165,000","183,500"
S02000360,S02000360   Merchiston and Greenhill,159,157,149,154,150,169,149,157,155,140,137,120,141,145,140,118,81,92,101,78,"52,500","54,200","60,000","59,950","66,500","78,000","79,257","93,300","99,000","123,061","162,500","165,633","179,995","170,170","235,000","197,500","200,000","225,000","200,000","175,000","65,000","73,000","80,755","82,091","84,475","103,000","120,000","140,000","145,252","185,000","206,000","223,878","240,000","243,500","318,050","282,875","285,000","294,675","257,900","236,250","83,219","88,025","104,545","102,711","104,760","133,437","149,222","187,962","175,942","221,731","270,758","267,038","258,910","311,181","372,625","322,972","361,590","327,938","306,829","290,700","90,000","98,267","130,000","121,727","114,500","146,000","180,000","228,000","227,827","285,639","330,000","327,500","320,100","388,000","526,763","400,101","489,000","482,500","407,500","377,000"
S02000361,S02000361   Grange,147,151,123,164,162,194,169,165,120,142,127,133,147,184,169,115,81,102,88,82,"50,000","46,000","51,500","58,777","60,000","66,000","88,000","76,250","80,000","121,250","115,770","150,000","177,000","165,125","175,000","220,000","157,371","167,000","199,500","148,029","79,000","76,567","88,500","95,000","92,000","93,220","139,000","155,000","146,383","188,750","193,000","240,000","261,000","261,579","300,000","320,000","245,000","319,000","297,500","250,000","95,954","89,874","111,496","118,268","121,810","117,003","161,895","169,186","177,590","223,763","234,151","274,955","305,768","307,881","354,477","367,857","304,517","326,261","333,088","306,328","115,057","121,000","152,000","149,139","153,000","135,661","195,000","225,333","232,889","250,000","305,117","365,563","422,000","403,825","504,000","717,157","410,000","525,000","460,000","405,000"
S02000362,S02000362   Niddrie,11,52,23,42,12,10,34,73,98,30,31,58,45,42,48,31,12,21,20,14,"29,500","30,625","32,450","33,000","35,000","38,000","40,550","40,550","44,600","43,000","52,000","63,500","72,000","95,000","95,500","99,950","89,500","99,000","87,250","92,500","30,500","34,250","34,750","35,500","40,675","39,975","42,875","46,000","49,000","51,000","70,000","68,500","85,000","109,000","122,000","120,000","120,500","122,500","98,750","115,000","32,636","36,256","36,413","38,113","39,071","40,352","44,050","44,972","53,674","52,225","81,529","73,153","85,581","108,476","115,313","120,493","124,454","116,664","103,501","110,143","33,500","42,250","41,013","44,000","44,250","44,000","46,500","50,000","53,500","60,000","82,000","83,995","94,000","119,950","134,750","140,000","147,995","128,000","128,500","123,000"
S02000363,S02000363   South Gyle,96,115,129,148,204,185,169,149,213,174,193,136,169,170,154,82,66,51,58,72,"39,973","42,000","52,000","47,000","52,104","50,000","53,500","57,000","66,750","73,000","92,300","102,890","105,000","120,000","135,000","139,500","122,500","124,000","117,650","116,500","48,625","54,000","63,250","57,250","60,000","65,500","67,500","70,600","78,000","93,063","120,190","121,308","130,000","139,975","160,000","167,500","154,500","155,000","148,125","148,750","52,685","56,989","64,071","60,123","63,724","76,240","74,288","73,863","82,709","103,833","126,488","136,170","145,707","150,534","169,789","178,364","156,487","162,416","153,397","166,054","60,000","64,500","75,000","71,625","73,875","87,000","83,000","85,250","90,500","125,000","155,000","157,566","175,000","173,000","195,500","202,000","175,000","195,000","175,600","210,000"
S02000364,S02000364   Prestonfield,53,61,73,96,115,69,50,75,107,74,74,79,69,103,73,60,40,59,45,42,"45,500","39,000","49,049","57,125","60,000","49,000","52,555","55,333","60,000","72,150","75,000","90,000","113,000","112,000","125,000","142,270","119,500","103,500","110,000","115,000","56,000","60,000","70,000","68,000","75,750","73,000","74,250","84,000","92,000","133,563","96,550","125,777","173,000","131,000","145,145","204,975","161,000","116,000","140,000","162,000","59,929","70,333","77,066","69,192","78,430","79,645","84,923","96,581","101,653","137,679","128,480","155,972","180,715","176,318","189,215","234,151","203,699","162,054","180,408","203,744","68,500","90,000","93,000","79,750","88,000","98,000","98,100","120,700","120,500","170,127","161,500","195,000","215,000","230,707","221,500","305,500","243,750","205,000","231,000","250,000"
S02000365,S02000365   Shandon,191,193,177,196,213,207,261,264,210,216,238,190,206,255,235,150,100,103,107,125,"39,000","41,761","43,000","51,550","55,000","58,000","66,000","75,000","75,657","92,125","109,000","140,000","129,550","146,500","160,000","152,000","149,998","146,000","149,500","150,000","53,000","54,330","57,255","63,950","68,621","72,072","83,000","87,975","93,000","120,000","140,000","165,000","158,650","171,718","190,000","186,294","175,000","179,950","183,500","180,000","61,907","60,566","60,891","65,229","70,526","76,050","86,051","93,634","105,507","129,477","151,837","176,937","167,931","193,950","215,284","212,087","190,465","198,951","213,461","216,735","65,539","65,000","70,107","73,850","80,450","91,600","94,950","103,450","120,127","150,000","168,527","196,623","185,000","210,000","249,500","245,000","230,000","240,000","249,999","228,500"
S02000366,S02000366   Forrester Park and Broomhall,108,110,73,90,94,112,121,104,120,110,106,118,102,105,111,71,37,52,39,40,"35,000","35,000","36,700","37,000","38,250","38,500","38,500","40,000","42,998","55,000","68,000","75,000","85,000","93,333","119,950","124,000","112,000","105,750","111,000","99,000","40,550","40,839","45,000","45,875","48,000","49,500","49,000","54,000","59,250","71,500","73,569","91,279","107,250","115,000","140,325","133,500","135,000","133,000","125,000","127,625","43,210","45,860","46,956","47,157","48,711","52,685","51,296","57,904","64,129","79,289","88,834","102,158","117,131","127,069","145,755","147,474","141,915","147,256","135,626","152,293","47,400","50,200","53,251","50,100","53,000","60,000","58,500","65,574","68,079","88,000","92,000","115,000","127,000","144,500","159,000","158,500","160,520","172,500","155,000","182,600"
S02000367,S02000367   Stenhouse,73,69,69,66,85,86,98,152,115,110,139,168,215,166,198,115,62,68,48,68,"35,500","36,000","36,500","36,500","39,500","38,577","42,500","45,000","45,000","53,000","66,000","81,075","90,000","96,000","114,000","111,000","100,000","100,000","90,000","82,500","38,750","40,250","42,000","41,775","43,000","42,879","47,341","52,750","55,000","60,000","78,000","93,250","100,500","110,489","125,000","125,000","116,000","115,000","108,500","95,000","40,466","41,646","44,335","43,070","44,294","43,733","48,636","56,145","54,585","65,918","78,409","97,210","108,507","118,696","133,355","127,088","115,932","112,028","102,141","98,172","41,950","45,000","46,500","45,000","47,313","47,500","52,000","61,250","59,995","70,000","88,153","115,500","131,000","125,000","142,000","140,000","125,000","126,000","117,000","105,000"
S02000368,"S02000368   Jewel, Brunstane and Newcraighall",98,136,138,82,76,127,85,86,99,97,121,120,103,103,126,63,47,34,30,33,"40,000","48,475","53,000","43,000","47,000","53,000","54,750","53,000","52,500","68,257","81,500","105,000","101,500","120,000","122,501","135,000","125,000","116,000","116,000","105,000","50,000","57,500","58,750","55,000","55,975","64,000","63,950","64,000","69,000","81,500","103,000","125,000","127,000","135,000","141,000","150,000","140,000","129,065","140,500","135,000","56,137","58,519","62,992","57,260","59,052","64,552","66,697","69,825","73,454","82,645","108,879","127,055","132,261","147,952","153,619","163,466","150,984","147,680","151,165","139,473","71,190","71,500","75,500","70,000","70,950","75,000","73,500","81,176","86,000","97,000","130,000","138,825","157,000","165,000","172,500","181,000","172,000","172,500","190,000","166,000"
S02000369,"S02000369   Ratho, Gogarburn and Airport",57,50,46,47,67,53,79,45,60,51,65,54,62,64,70,34,28,28,54,65,"49,000","48,000","51,000","47,000","50,000","49,995","53,950","57,995","59,250","70,000","80,000","96,000","119,950","126,500","142,500","126,000","145,000","131,000","153,650","161,161","60,000","57,001","66,500","59,949","72,000","59,495","60,000","71,000","74,050","95,650","94,000","125,500","185,000","158,500","189,500","147,498","158,250","162,500","257,500","270,000","71,204","74,772","71,909","62,711","77,230","74,875","90,963","77,374","98,718","119,953","114,964","162,874","175,564","176,550","208,284","205,507","185,290","196,945","257,110","290,810","73,000","75,000","82,000","73,000","91,566","77,500","84,157","85,000","95,550","160,000","130,000","192,500","210,000","201,291","250,000","245,000","249,998","244,375","345,000","399,000"
S02000370,S02000370   Dalkeith Rd,111,134,119,110,122,111,114,125,151,121,110,106,127,110,100,83,52,57,47,64,"45,020","48,000","54,250","53,500","59,000","69,000","75,000","84,000","85,000","107,555","123,000","131,250","146,000","160,000","150,000","170,000","152,750","163,500","175,000","152,530","54,000","58,750","62,000","60,000","66,333","80,650","94,133","105,000","100,000","140,000","149,500","180,750","175,000","190,438","209,500","200,000","178,500","230,000","262,000","205,103","65,780","71,049","85,807","73,848","81,287","112,738","132,028","151,001","125,677","171,483","179,148","217,121","240,750","238,159","257,584","261,252","284,385","272,622","349,357","293,525","69,000","73,500","82,400","74,050","82,525","129,000","150,000","154,000","132,000","179,000","212,000","230,000","272,500","285,000","311,741","274,147","287,000","345,000","695,000","349,100"
S02000371,S02000371   Marchmont West,143,127,143,160,149,139,131,118,137,130,102,123,102,105,106,75,59,69,57,72,"73,550","76,000","85,000","86,109","93,000","112,500","130,000","135,500","145,000","172,367","200,000","228,000","240,500","263,000","272,272","280,000","270,000","284,582","262,500","266,383","80,000","86,000","95,000","96,845","105,350","130,000","147,910","151,657","170,170","195,671","223,612","255,000","267,081","295,000","326,250","305,000","315,000","315,000","285,000","292,755","84,147","89,164","124,074","101,582","117,467","137,962","153,513","157,993","177,047","208,053","226,141","262,156","272,911","302,227","325,544","332,751","315,202","313,999","303,507","316,419","90,000","96,500","112,000","106,275","127,500","155,355","167,000","177,368","195,000","236,050","250,000","298,000","297,300","326,000","370,000","368,000","350,000","355,000","340,000","333,788"
S02000372,S02000372   Carrick Knowe,73,63,67,80,74,53,95,80,87,86,81,83,79,93,83,37,36,28,28,35,"44,500","46,000","46,000","45,250","48,000","49,000","53,000","58,000","60,000","68,500","84,000","97,555","107,000","119,000","143,500","147,500","131,000","125,000","107,000","118,000","46,000","50,000","47,750","48,000","49,950","51,000","56,120","65,750","66,750","79,748","95,000","115,000","120,000","126,126","155,155","157,000","143,750","138,750","134,000","124,000","53,540","59,493","53,134","53,184","57,934","65,229","70,692","77,823","81,906","93,018","112,470","126,891","144,310","149,175","194,846","166,431","153,700","183,600","172,789","152,766","55,500","69,000","53,000","55,628","56,500","58,500","82,950","85,725","80,101","90,000","118,000","129,250","138,000","146,000","227,500","164,000","160,500","203,559","194,500","135,000"
S02000373,S02000373   Gorgie West,220,208,156,179,185,245,305,262,197,235,233,180,208,188,247,145,61,91,112,63,"29,998","30,750","32,500","32,500","33,500","35,000","38,500","41,000","43,000","55,000","66,000","81,255","83,750","92,500","115,115","118,200","99,000","96,000","103,000","87,500","31,500","32,000","34,000","34,000","35,000","38,000","47,555","45,000","47,500","60,000","72,571","88,000","89,995","101,200","123,000","129,626","110,000","114,000","154,995","105,000","32,547","34,975","36,330","36,810","37,419","48,939","59,047","53,058","54,910","69,371","79,888","96,528","96,423","110,166","131,471","146,060","119,234","123,841","138,710","121,903","34,000","34,500","38,975","37,500","37,500","59,995","83,500","60,000","57,500","76,200","86,000","100,919","102,601","117,550","132,532","168,000","135,000","154,995","161,995","150,995"
S02000374,S02000374   Marchmont East and Sciennes,198,165,173,161,165,191,170,150,150,159,126,118,152,157,137,79,60,63,69,76,"45,000","48,550","53,235","57,000","58,000","67,500","69,000","74,000","87,000","101,119","110,600","136,136","140,534","150,000","181,000","170,000","136,700","157,500","146,000","155,500","56,050","65,000","67,000","70,000","72,500","81,000","97,125","103,051","108,500","140,000","164,569","185,000","182,325","200,000","246,500","220,000","193,744","210,000","190,000","213,750","64,373","69,161","77,470","72,886","83,919","93,090","109,850","121,461","124,877","158,126","189,312","202,334","202,990","225,328","258,789","261,185","219,879","254,198","235,217","250,097","70,000","78,950","83,000","80,000","92,500","101,028","125,000","135,000","140,000","178,251","192,500","231,250","228,000","260,000","291,000","283,250","250,000","280,010","250,000","282,500"
S02000375,S02000375   Polwarth,241,242,222,294,288,256,247,237,240,225,228,197,222,227,197,119,107,111,74,87,"32,500","34,500","35,950","38,000","37,998","42,279","46,000","51,015","55,000","70,000","82,263","95,387","97,000","110,629","130,000","124,995","113,000","108,000","105,000","105,000","36,500","40,975","42,500","48,640","50,000","50,553","54,050","67,384","70,120","85,000","100,261","115,110","126,500","130,650","152,250","148,000","140,000","140,000","136,500","134,000","43,402","45,170","44,527","52,944","54,474","56,334","61,081","75,175","76,432","95,018","108,827","127,908","129,984","143,672","160,618","162,917","149,824","148,188","141,473","148,734","45,100","51,000","48,750","68,500","69,975","68,050","72,125","93,660","95,000","115,000","131,750","153,000","152,546","167,048","182,862","189,950","175,000","180,000","165,000","182,000"
S02000376,S02000376   Bruntsfield,237,255,245,181,233,198,180,179,212,192,174,166,175,172,177,128,80,98,97,91,"51,750","56,250","59,000","60,000","65,000","75,000","83,525","86,000","98,575","116,800","136,777","160,000","168,000","190,000","195,195","195,075","193,583","202,000","183,000","193,000","60,000","67,506","67,500","74,100","75,000","85,750","96,549","106,192","121,350","146,898","166,350","189,500","199,995","222,111","233,500","241,125","232,500","245,101","232,250","237,237","62,969","71,902","72,099","79,603","80,133","97,076","113,766","118,503","130,200","158,646","184,481","200,151","209,094","253,844","254,199","249,517","249,001","272,190","249,624","251,861","70,512","79,797","77,000","86,000","87,600","106,500","125,000","134,833","142,375","181,575","200,600","224,750","235,000","274,116","283,457","277,500","270,250","285,000","268,500","280,077"
S02000377,S02000377   Gorgie East,158,158,143,139,142,180,241,239,257,180,183,198,182,157,163,122,61,58,40,50,"29,800","31,000","32,000","32,250","33,000","34,575","39,000","42,950","44,500","56,800","66,277","84,667","86,000","93,000","115,115","119,000","98,000","105,000","97,000","78,000","31,500","32,975","34,250","34,500","35,500","36,975","58,000","59,750","52,250","65,728","75,600","100,050","95,865","106,000","125,000","131,376","123,516","125,000","117,500","96,500","33,921","36,062","37,584","38,004","39,122","42,658","60,276","63,823","69,072","81,416","86,850","115,888","112,996","117,891","139,962","141,636","125,637","134,132","120,870","112,562","38,000","37,750","40,500","40,000","43,000","48,375","79,250","82,250","87,450","94,564","106,555","142,500","138,500","135,578","159,500","157,000","151,000","163,111","147,000","131,250"
S02000378,"S02000378   Bingham, Magdalene and the Christians",26,36,21,25,29,27,41,37,48,43,38,53,47,59,62,36,16,19,19,29,"34,000","34,500","35,000","32,000","34,500","33,250","35,950","35,000","35,250","39,950","52,000","61,000","66,785","75,000","99,000","101,000","105,500","95,000","83,500","72,500","42,000","39,000","39,344","36,500","37,500","43,036","42,500","40,000","45,750","50,000","60,000","72,000","78,000","86,500","112,348","114,000","127,500","107,500","132,000","103,497","48,398","51,078","47,935","51,046","52,763","49,844","50,995","49,835","54,273","60,157","80,439","84,647","98,515","103,172","148,656","125,277","153,752","134,737","139,658","102,854","54,010","56,325","48,000","49,509","52,000","56,000","60,000","52,000","56,025","65,000","85,000","85,000","105,000","110,000","146,000","141,500","167,500","149,000","170,000","130,000"
S02000379,S02000379   Meadows,164,136,154,204,143,143,142,139,161,136,128,110,160,148,133,173,82,94,123,129,"41,000","43,750","48,560","50,000","48,310","55,000","63,236","66,156","75,000","84,042","97,939","135,000","136,318","140,000","150,150","190,000","191,526","160,000","165,000","145,145","49,750","55,075","59,665","63,831","60,000","77,777","81,029","90,000","103,000","125,128","134,250","160,000","179,000","180,800","205,368","247,000","242,500","250,000","214,000","235,000","52,779","59,628","61,592","66,897","66,757","86,212","89,989","101,157","106,733","130,787","149,072","174,249","182,813","193,909","224,765","310,889","267,293","274,027","251,823","268,688","60,000","71,790","70,000","80,306","80,026","108,788","105,150","135,500","135,000","162,078","185,256","210,000","225,603","237,473","285,285","387,000","314,750","350,000","270,000","348,000"
S02000380,S02000380   Balgreen and Roseburn,115,115,94,124,121,165,153,121,127,151,127,135,131,146,140,72,55,79,77,66,"44,000","43,000","47,000","49,700","53,500","60,000","59,000","70,000","67,000","78,450","93,000","119,400","129,500","128,700","153,175","147,725","155,000","147,500","134,000","125,000","55,006","51,500","54,750","60,850","65,000","70,500","79,000","91,450","88,000","104,140","135,555","143,000","167,000","176,586","206,000","209,000","185,000","200,000","185,000","181,250","66,319","65,802","62,494","70,257","73,287","79,966","88,251","103,001","98,866","126,657","151,738","165,295","192,792","194,049","239,005","230,642","210,130","206,898","206,909","190,552","72,117","73,600","68,627","82,000","86,100","87,100","105,500","120,000","117,177","150,000","185,019","198,000","235,000","237,000","278,507","273,475","249,000","245,000","230,000","220,000"
S02000381,S02000381   Dalry and Fountainbridge,198,218,220,226,247,204,200,274,251,227,327,253,244,241,228,125,100,113,94,113,"30,950","32,000","34,000","35,000","37,000","38,750","42,500","45,350","48,500","65,625","82,500","93,500","95,000","107,650","128,475","125,000","116,325","110,000","117,000","108,000","34,750","34,275","39,897","40,950","48,000","48,000","55,000","58,750","60,000","82,500","115,000","123,000","112,605","127,000","150,000","152,000","139,500","149,000","140,000","145,000","36,715","38,619","44,807","43,559","49,352","52,025","57,526","64,626","67,379","87,950","125,951","140,389","123,394","136,941","163,079","160,832","149,763","155,100","144,563","161,060","39,000","44,000","50,000","47,505","59,500","60,000","68,325","74,995","81,500","106,266","155,000","175,000","140,204","160,000","186,500","182,500","167,825","180,000","175,000","180,000"
S02000382,S02000382   Willowbrae and Duddingston Village,139,123,118,145,149,155,140,147,173,175,197,203,163,172,193,87,64,81,82,72,"40,000","40,750","41,500","44,950","44,500","55,000","50,500","53,500","65,000","80,000","95,000","118,000","109,000","133,500","137,000","140,000","122,000","136,000","128,000","126,500","48,100","50,750","51,500","55,000","55,500","70,000","67,838","76,500","78,500","112,000","135,000","150,000","165,000","168,660","175,600","188,000","169,129","174,999","172,558","189,100","57,902","62,835","62,063","61,542","72,376","81,518","74,031","94,217","94,845","134,590","149,173","162,064","175,594","187,110","199,977","217,198","189,966","193,199","201,786","194,338","63,500","71,817","74,000","72,500","82,000","97,000","85,765","103,426","106,000","170,000","181,259","185,000","225,000","237,000","235,000","267,000","226,000","230,500","250,000","233,500"
S02000383,S02000383   Corstorphine,125,121,135,127,132,142,126,124,127,137,135,118,149,148,153,81,86,101,102,113,"49,500","52,000","64,000","53,135","55,000","63,000","65,350","70,554","72,161","88,500","107,000","122,000","129,000","147,550","165,000","159,250","160,000","142,500","160,000","135,000","69,250","76,500","83,500","84,100","79,750","88,625","96,877","89,000","106,250","127,500","153,000","188,750","195,000","243,621","234,950","220,000","220,000","236,222","222,500","196,100","86,578","90,649","87,473","92,443","99,515","96,336","113,430","111,634","129,180","167,842","183,082","217,425","227,035","258,918","261,058","252,393","241,035","254,020","251,243","236,341","102,000","112,159","103,000","117,500","130,000","125,733","144,287","137,500","162,400","227,777","248,147","298,000","290,000","324,000","325,000","326,210","320,000","350,000","327,050","305,000"
S02000384,S02000384   Duddingston,49,68,60,52,52,51,67,48,55,68,59,65,52,86,76,40,31,33,41,53,"77,750","72,000","62,995","72,000","85,642","78,000","97,000","116,500","120,000","130,000","139,503","193,193","181,275","213,000","204,750","276,750","203,302","246,000","222,500","190,000","88,250","95,000","94,250","93,000","113,750","120,500","138,000","154,209","164,589","183,800","218,812","246,125","250,000","286,378","321,750","326,000","290,000","295,000","266,500","265,000","90,965","92,164","91,761","91,048","110,432","112,584","133,285","145,682","161,209","174,663","206,286","235,210","249,878","276,736","291,873","336,062","274,294","284,352","265,887","255,802","105,000","106,054","112,500","114,500","135,000","140,000","163,388","170,000","192,500","220,068","255,000","280,162","304,000","331,003","363,273","376,875","345,000","333,500","325,000","320,000"
S02000385,S02000385   Tollcross,202,177,166,160,178,205,233,200,181,177,152,152,197,211,205,120,73,72,76,90,"34,000","37,000","37,000","42,250","43,500","50,000","55,213","57,875","60,000","75,000","93,500","103,052","115,000","130,000","144,000","144,998","135,000","136,250","118,250","140,000","42,000","45,000","43,863","51,750","52,000","65,000","75,000","76,000","74,995","100,000","120,968","136,250","140,000","171,300","180,000","170,900","165,750","161,579","155,000","165,000","44,225","50,504","49,814","52,684","54,388","67,450","80,299","87,418","85,594","112,573","132,464","148,860","173,793","187,586","198,949","185,350","181,231","189,604","182,380","176,414","49,000","55,222","58,000","60,000","60,000","78,001","95,495","99,750","96,108","131,000","162,525","178,336","185,000","220,000","239,950","205,000","202,000","230,500","219,138","207,000"
S02000386,S02000386   Joppa,127,109,116,113,135,109,94,127,120,133,117,138,130,134,122,67,60,74,110,95,"52,500","52,000","53,000","60,000","53,517","67,000","65,036","77,800","85,500","125,157","129,500","148,000","170,000","177,000","192,000","215,215","174,998","189,995","142,500","144,000","65,000","77,000","69,000","78,000","80,000","89,567","90,475","120,000","135,784","157,000","190,000","183,591","197,500","230,126","266,750","299,500","204,625","247,550","183,250","200,000","72,284","82,436","81,106","81,198","85,228","102,169","103,072","143,912","157,893","181,197","209,396","212,344","233,564","262,304","291,667","321,807","235,369","277,591","219,173","244,585","86,500","102,000","92,500","97,500","114,000","135,000","135,500","185,168","199,114","231,111","260,000","264,450","288,000","325,000","350,000","425,000","273,500","342,000","275,000","306,360"
S02000387,S02000387   Southside and Canongate,101,92,101,91,105,83,112,93,181,130,148,101,107,127,148,71,62,62,39,55,"36,500","38,000","37,950","39,500","42,000","44,559","50,750","58,000","67,000","75,225","92,056","105,000","115,300","120,000","135,389","126,500","119,878","124,250","120,000","125,000","41,950","45,025","50,157","47,000","52,000","52,000","66,675","70,000","120,117","97,888","124,813","131,131","150,000","145,000","174,725","168,000","146,500","165,000","145,000","165,000","46,283","52,798","52,659","51,349","54,793","59,919","79,077","77,186","147,325","121,269","144,031","137,233","155,776","156,285","185,655","168,945","158,650","169,733","156,115","166,694","53,500","60,000","63,000","60,000","66,000","68,365","104,750","83,500","225,000","145,995","175,000","159,000","185,000","182,000","211,000","187,500","175,000","196,000","170,000","193,333"
S02000388,S02000388   East Craigs,85,102,92,106,85,116,100,110,76,73,100,82,136,113,124,104,77,89,79,97,"48,500","52,950","52,750","58,000","60,000","60,000","66,500","72,500","70,250","95,000","99,625","119,000","159,500","158,000","152,750","204,278","155,000","165,000","175,000","180,000","65,000","78,000","69,000","75,000","85,000","105,868","138,071","131,000","119,025","129,450","154,000","180,000","249,873","262,000","224,500","297,500","210,000","249,999","210,000","245,000","71,708","89,315","75,062","80,093","85,618","114,050","137,047","126,475","132,667","147,379","181,969","196,184","251,092","277,340","259,230","299,408","248,214","280,889","232,639","254,323","92,277","103,301","93,500","100,000","105,000","163,500","197,000","165,000","179,476","197,208","244,950","250,000","329,750","351,000","345,000","399,000","317,500","365,000","265,000","305,000"
S02000389,"S02000389   Dean, West End and West Coates",193,210,208,283,357,323,318,229,234,244,248,222,206,266,254,146,127,114,110,155,"56,000","62,400","59,998","60,000","75,600","80,000","110,000","96,000","110,000","127,906","155,500","184,100","157,000","189,000","218,000","200,000","195,000","226,545","212,500","190,000","79,000","85,119","84,065","86,000","95,000","100,000","132,725","138,000","153,500","170,789","206,750","229,000","222,500","255,000","310,000","287,250","277,000","345,750","271,250","250,000","85,133","99,086","95,770","93,871","110,036","122,022","149,165","154,373","175,416","199,358","235,034","261,870","244,087","284,577","337,003","313,968","305,125","366,356","291,858","289,989","103,250","117,000","114,000","113,000","131,500","141,575","162,000","191,000","208,630","233,500","297,498","323,049","305,000","360,000","425,000","400,000","355,000","475,000","405,000","351,250"
S02000390,S02000390   Murrayfield and Ravelston,68,125,93,86,91,87,88,96,80,85,90,77,66,102,82,49,49,50,65,39,"90,450","110,000","95,000","97,000","121,021","125,000","134,100","142,000","180,263","201,201","249,000","260,000","267,500","297,500","300,000","330,000","345,000","305,000","350,000","294,000","128,419","159,000","134,000","137,046","201,053","175,000","205,095","208,645","272,500","283,000","349,096","390,000","410,000","416,500","500,000","476,383","485,000","461,250","482,000","410,000","137,226","163,003","149,381","157,334","195,206","193,994","233,808","256,151","318,752","324,526","380,360","424,942","426,584","432,056","479,418","465,726","482,104","465,701","476,044","456,702","170,500","195,000","183,000","175,571","240,241","235,650","281,927","332,064","412,500","400,000","480,000","550,000","625,000","620,000","715,000","655,150","675,000","690,000","715,000","550,261"
S02000391,S02000391   Kirkliston,39,35,138,59,75,86,82,83,66,50,78,55,69,130,102,48,32,32,91,131,"37,000","45,000","50,577","40,000","54,000","56,000","43,500","59,750","60,000","56,738","63,000","89,000","99,500","147,000","121,500","117,754","123,475","101,000","174,950","168,000","49,000","56,000","65,248","55,750","65,000","73,375","73,750","82,000","81,814","94,500","116,750","131,950","155,000","192,250","170,000","156,500","153,500","172,500","275,000","249,995","56,634","58,958","67,504","59,253","70,659","79,977","78,871","92,078","92,904","99,713","118,147","138,226","172,879","197,055","184,879","162,262","182,899","176,804","260,166","248,419","70,000","65,000","80,750","69,000","88,100","103,000","115,000","130,000","110,000","135,000","164,000","167,500","210,000","245,000","225,151","198,500","245,000","250,000","344,500","320,000"
S02000392,S02000392   Northfield,72,68,134,85,87,95,90,82,105,106,109,114,107,119,115,53,55,51,34,48,"36,225","42,174","48,500","41,000","40,000","44,000","45,000","45,400","55,557","60,000","75,000","87,178","94,000","104,950","124,995","118,000","110,000","110,000","105,000","96,400","42,750","48,000","61,375","52,500","50,995","52,000","57,580","59,975","68,000","72,528","98,198","119,248","106,500","120,000","140,000","130,000","121,500","127,000","122,000","119,750","45,884","53,100","63,581","56,111","53,820","57,537","62,794","65,311","71,927","83,894","109,292","131,618","118,066","132,917","158,940","138,440","136,228","141,790","136,910","132,496","53,500","59,625","70,995","72,000","64,500","65,250","70,000","76,950","78,512","92,129","132,231","175,000","130,000","146,000","180,000","152,000","157,000","176,750","143,505","162,500"
S02000393,S02000393   Old Town and Leith Street,146,171,125,138,139,142,129,157,143,141,131,137,160,223,214,95,65,74,66,63,"37,500","41,000","41,000","41,500","48,000","48,000","59,306","65,000","65,500","91,150","90,000","115,222","119,500","150,000","155,000","142,150","140,000","150,000","130,000","135,000","44,875","50,000","49,500","55,050","60,000","58,250","85,000","85,000","85,000","119,950","120,000","165,000","155,000","186,186","200,000","169,400","171,000","193,500","178,000","170,026","51,066","55,204","53,309","58,474","68,293","72,183","95,096","107,053","104,846","131,653","133,554","173,733","171,611","195,950","223,563","200,253","216,542","243,699","210,395","220,660","56,160","60,000","60,000","65,000","74,000","83,000","116,626","135,058","120,000","150,000","150,000","197,200","191,225","225,750","262,995","220,500","250,000","275,000","250,000","229,000"
S02000394,S02000394   Clerwood and Corstorphine (Hillview),50,41,41,52,52,60,53,37,53,45,57,57,45,67,54,44,17,35,55,49,"76,500","70,000","75,150","80,500","76,500","90,000","85,000","90,000","87,078","95,000","140,000","170,137","185,000","205,000","165,000","223,178","265,444","215,000","164,000","163,000","86,694","81,618","85,950","92,575","92,030","111,166","105,257","128,513","134,000","173,000","185,000","210,000","227,500","245,145","228,229","262,788","295,000","275,000","212,500","283,382","86,836","81,898","88,865","97,217","94,623","115,845","113,769","133,886","143,579","175,022","196,962","207,936","233,733","254,572","239,741","276,009","310,553","271,230","233,601","332,893","101,000","93,030","104,000","106,250","107,250","135,000","136,000","160,000","171,000","210,000","231,557","267,043","282,500","295,000","309,507","321,500","320,000","348,060","290,000","513,000"
S02000395,S02000395   Mountcastle,37,44,36,38,63,58,44,37,45,39,48,40,53,50,34,28,16,18,16,31,"56,000","51,750","50,250","55,000","59,995","64,995","69,000","74,000","77,000","95,000","109,125","125,075","125,000","145,011","167,500","149,975","165,000","145,000","166,000","142,000","65,000","62,203","62,150","60,000","64,995","68,198","73,000","86,000","85,000","110,000","133,498","150,000","158,500","189,250","205,028","171,400","196,500","178,500","186,500","165,561","62,122","64,869","63,493","60,502","66,862","73,109","77,480","87,382","90,977","112,247","135,646","152,507","156,752","183,427","203,511","181,510","199,781","180,703","185,978","171,422","69,500","73,753","72,555","69,000","73,000","80,000","85,500","102,500","103,000","133,077","155,000","178,000","182,000","205,000","230,000","220,000","220,000","210,000","208,825","202,500"
S02000396,S02000396   Portobello,160,158,110,132,132,119,137,149,162,163,161,138,145,163,163,92,58,71,52,62,"33,000","35,000","37,000","36,725","38,500","40,000","41,000","45,000","47,995","60,000","70,000","87,000","97,000","102,000","120,010","120,000","117,500","110,000","111,000","99,400","42,054","42,000","46,250","44,000","47,500","49,500","49,950","55,000","60,000","74,000","85,000","110,000","122,500","130,000","143,530","143,323","137,600","130,000","137,775","123,500","48,679","50,183","61,335","50,818","53,397","62,465","61,270","74,209","80,366","96,718","107,132","135,554","156,083","167,078","173,454","187,212","181,224","175,182","182,729","156,240","52,625","54,500","68,500","56,750","60,000","72,050","66,000","75,200","97,500","110,000","124,000","155,000","187,500","200,000","185,000","192,057","215,000","225,000","195,000","182,250"
S02000397,S02000397   Blackhall,101,111,98,86,117,101,120,105,121,109,106,104,101,146,127,102,70,79,71,91,"63,750","60,000","60,000","66,500","70,102","80,500","77,250","83,838","99,100","115,000","120,459","160,692","175,000","183,000","173,500","199,950","165,000","220,000","168,399","205,000","92,607","102,500","101,500","108,875","95,500","136,000","139,004","140,000","185,800","207,316","247,500","292,525","285,000","318,500","310,000","356,500","322,500","362,000","342,243","364,000","93,562","108,147","105,614","120,910","121,682","136,920","156,005","150,632","193,614","221,313","233,376","285,262","303,653","310,858","325,603","358,305","321,065","376,775","338,394","343,559","110,520","132,500","130,000","142,000","145,000","177,095","197,081","210,500","260,000","295,000","339,500","393,694","385,555","395,000","450,000","454,000","410,000","452,048","458,500","431,000"
S02000398,S02000398   New Town West,227,240,193,213,271,294,245,227,211,205,206,169,194,252,227,164,78,146,151,145,"51,650","56,250","62,038","64,500","72,519","78,295","90,000","100,000","110,000","140,000","150,000","186,575","178,000","210,500","235,000","259,750","180,000","215,000","217,000","235,000","73,000","78,965","86,000","97,500","101,130","115,000","130,000","148,500","168,000","215,000","230,000","249,995","250,000","333,525","341,100","362,500","267,000","346,000","355,000","340,000","86,375","95,390","97,551","109,922","117,374","127,872","147,306","174,360","193,199","255,351","260,065","275,715","289,200","354,268","375,640","379,207","313,137","293,192","327,800","363,913","104,000","115,000","118,000","128,000","145,000","155,135","195,000","220,000","236,000","298,555","320,000","333,500","380,000","500,000","560,000","517,500","405,000","480,000","495,000","461,293"
S02000399,S02000399   Bughtlin and Parkgrove,123,123,114,99,100,118,138,132,119,110,111,111,120,122,133,60,40,51,72,59,"40,000","46,000","42,500","43,950","50,300","46,000","51,500","54,225","60,000","65,256","81,000","98,500","92,750","108,500","134,034","125,000","123,000","118,500","107,000","120,000","53,500","55,260","56,250","55,000","59,000","57,725","60,000","75,000","75,319","85,750","104,000","123,350","118,248","142,875","170,000","159,072","156,998","155,000","130,741","157,246","58,336","63,561","62,909","61,524","65,181","69,681","73,927","82,046","90,442","104,769","123,025","136,306","138,822","162,645","193,942","185,809","169,511","178,530","148,110","167,995","69,000","73,000","79,000","73,000","76,125","77,000","86,200","97,250","112,000","135,555","150,000","162,000","170,500","199,000","227,777","235,250","201,000","219,995","186,500","185,000"
S02000400,S02000400   Clermiston,61,44,53,67,85,80,80,78,84,93,94,86,118,121,130,65,50,42,55,54,"38,000","39,475","38,500","40,250","44,000","41,000","39,500","41,000","47,000","57,000","65,000","75,000","85,000","96,765","119,898","120,017","117,995","105,000","105,000","85,000","47,000","48,250","42,950","51,000","55,559","53,000","48,500","52,359","69,000","74,000","75,779","95,475","96,250","115,000","135,000","147,000","135,000","133,500","125,500","132,783","47,813","48,690","46,998","51,408","57,708","53,475","55,501","58,606","69,089","77,882","88,675","102,245","113,086","127,572","146,287","147,740","139,192","139,170","132,316","131,362","55,000","57,500","53,000","60,000","69,850","64,300","69,313","76,000","80,290","92,000","114,000","130,000","135,531","150,000","175,000","169,000","163,000","160,000","151,500","151,000"
S02000401,"S02000401   Abbeyhill, Meadowbank and Marionville",317,293,223,266,336,364,295,275,325,302,383,289,281,296,286,167,131,142,123,159,"32,500","32,250","33,000","34,000","36,375","39,950","41,000","45,500","51,750","60,000","78,500","91,000","93,995","105,104","124,450","120,000","113,202","114,000","111,995","108,000","37,250","35,500","37,000","38,679","45,000","52,538","48,500","58,000","60,000","73,513","100,000","105,000","112,000","127,000","135,800","132,500","138,000","138,000","128,275","130,995","41,446","39,920","42,587","42,704","48,382","54,463","53,713","62,103","69,637","83,558","112,091","116,618","126,024","134,628","151,953","141,412","156,563","146,652","139,936","132,730","51,500","44,000","45,500","47,000","57,275","66,000","64,257","75,000","84,000","97,225","142,000","135,000","148,000","155,000","170,000","165,000","170,000","167,500","146,000","145,000"
S02000402,S02000402   Hillside and Calton Hill,195,244,175,211,185,232,201,201,209,203,191,150,199,238,218,144,99,100,83,99,"33,000","38,500","38,500","40,000","43,950","50,000","50,000","57,000","60,000","75,000","95,000","99,950","115,000","139,000","141,500","141,500","135,000","125,000","140,000","141,500","39,000","46,000","46,000","50,000","54,147","60,000","73,327","78,000","84,333","101,567","122,560","135,000","140,000","175,000","185,791","185,000","172,000","179,375","175,000","175,000","45,803","51,048","54,798","57,402","62,726","69,884","84,863","90,382","90,370","123,571","142,736","149,986","157,338","187,849","209,981","196,591","201,557","207,616","200,331","196,813","45,500","55,500","57,057","60,000","66,266","72,830","90,509","95,000","107,000","137,137","166,117","171,171","180,250","211,100","240,000","230,398","225,000","244,000","237,500","242,500"
S02000403,S02000403   Restalrig (Loganlea),54,50,43,56,54,60,107,83,86,92,118,98,138,145,119,72,36,38,37,36,"30,500","32,500","32,500","36,000","34,000","34,500","40,000","42,000","44,000","52,750","63,100","80,000","85,000","97,000","110,126","115,108","94,000","101,500","83,000","77,875","36,250","38,000","38,000","38,850","38,250","39,250","46,500","46,500","47,625","58,250","71,080","87,175","97,498","107,995","122,576","124,998","106,000","115,000","97,000","86,875","38,699","40,140","42,997","44,396","40,444","45,149","54,174","55,381","57,442","61,931","79,636","98,743","112,970","127,809","127,350","129,564","103,388","123,809","99,476","99,500","42,000","41,000","43,121","43,250","43,500","43,250","71,000","58,507","55,000","65,000","83,000","115,995","139,250","145,500","135,000","130,125","118,500","145,000","105,000","104,500"
S02000404,S02000404   Stockbridge,254,306,263,278,272,281,263,240,291,285,222,222,271,258,223,181,97,169,126,142,"45,000","49,000","49,000","53,267","58,444","64,500","70,111","75,863","80,000","97,232","118,000","137,000","142,000","160,000","175,280","182,000","151,250","167,000","165,000","170,000","55,800","60,000","60,000","67,473","76,000","80,000","90,100","100,551","106,000","132,000","155,000","178,900","175,000","203,837","238,000","249,995","192,500","237,500","214,750","240,001","69,507","77,989","77,509","83,045","95,062","107,588","121,853","124,021","142,156","174,168","200,746","212,636","214,974","259,635","271,773","294,609","253,248","255,678","259,080","284,360","73,555","79,000","85,000","90,000","106,551","115,000","127,650","142,000","155,000","193,441","221,221","245,000","242,500","280,750","340,000","370,000","285,000","340,000","334,000","344,000"
S02000405,S02000405   New Town East,136,175,141,160,184,217,195,172,249,196,181,176,162,184,165,89,93,94,85,88,"43,000","50,100","51,000","52,904","60,000","59,555","78,000","84,000","95,758","112,057","150,000","160,500","154,000","178,500","198,000","175,000","172,500","210,300","200,020","197,500","54,000","62,250","68,000","77,667","77,500","76,375","107,557","125,000","140,250","167,486","193,000","204,000","205,000","240,625","267,600","245,000","224,000","292,042","250,000","264,000","61,297","73,389","72,721","81,449","83,164","90,874","119,533","132,740","154,928","187,210","211,462","229,606","226,459","267,098","310,419","303,157","276,843","337,258","286,493","304,490","75,563","88,370","90,000","98,754","94,000","97,887","150,000","169,000","189,000","227,755","249,000","278,000","270,000","342,500","395,000","405,800","311,255","405,150","350,000","385,000"
S02000406,S02000406   Craigentinny,52,43,53,59,39,47,49,54,45,54,51,55,53,55,55,34,27,34,29,36,"72,511","80,500","79,000","74,000","77,648","84,148","96,751","115,000","130,000","152,559","160,000","205,000","210,000","226,000","230,000","223,000","220,000","220,000","197,500","234,975","82,500","90,157","85,000","86,168","93,000","110,000","120,000","138,629","146,250","180,716","191,000","250,000","236,000","272,000","270,270","272,500","265,000","273,750","250,000","265,415","84,758","91,207","88,081","90,584","96,524","102,280","117,098","137,848","147,244","185,030","192,893","243,782","235,208","264,702","261,680","257,433","262,016","258,005","246,129","276,743","93,539","101,000","95,555","98,050","113,500","120,000","135,000","160,000","170,056","217,100","230,000","273,372","273,000","295,000","310,000","302,500","297,500","305,000","285,000","292,000"
S02000407,S02000407   Craigleith,81,111,132,138,178,189,128,96,112,99,140,119,122,128,119,128,77,102,85,97,"73,500","75,000","62,225","60,000","75,000","89,995","98,525","88,498","96,750","111,000","130,000","155,000","146,250","167,500","178,612","196,288","180,000","175,000","186,000","175,000","85,500","88,437","77,250","84,010","89,975","102,000","120,000","115,000","130,000","133,000","173,750","190,000","190,000","210,000","210,000","245,000","250,000","212,000","208,000","223,000","90,191","94,637","86,329","86,856","96,817","107,555","118,144","119,439","134,961","151,378","178,822","210,363","216,476","241,850","238,319","271,753","277,332","241,671","224,559","241,086","99,700","111,000","101,758","101,500","111,000","121,500","131,000","145,500","157,000","180,000","200,000","249,000","257,637","280,932","275,000","341,009","349,000","286,500","243,000","290,000"
S02000408,S02000408   Comely Bank,164,145,129,155,172,157,148,142,154,131,131,128,144,146,126,98,77,98,106,85,"53,250","60,000","62,000","65,000","71,000","75,000","80,060","97,015","97,500","126,500","148,000","170,625","164,285","187,000","215,000","196,000","185,000","199,000","195,000","187,000","62,175","70,001","75,000","75,666","84,625","88,000","98,500","120,000","125,125","147,500","175,129","196,098","188,667","234,750","250,000","243,250","225,000","234,000","235,000","215,000","71,377","80,843","88,622","89,455","93,468","102,754","112,143","133,318","146,975","181,002","200,497","210,387","215,930","262,847","289,380","280,857","252,239","261,130","273,415","266,242","77,500","94,000","94,630","92,000","107,000","114,175","121,800","135,500","175,000","188,089","235,000","227,291","240,000","275,000","340,000","300,000","255,000","295,000","317,000","285,000"
S02000409,S02000409   Lorne,224,256,216,239,214,256,295,261,304,315,335,423,282,379,335,218,113,110,75,88,"29,950","31,000","31,950","32,500","33,000","34,925","38,500","43,500","45,000","59,525","71,000","86,500","89,000","98,230","121,000","121,109","105,000","102,107","95,000","94,500","32,000","34,000","34,000","35,317","38,000","39,227","46,000","52,000","53,000","72,125","84,000","106,000","104,050","119,000","138,500","135,000","128,500","123,250","107,000","118,000","33,167","35,934","36,306","36,891","39,416","42,659","49,315","57,040","61,900","79,678","93,231","114,063","114,537","128,846","144,721","141,349","132,364","125,969","112,486","120,824","35,200","40,222","40,528","41,500","45,000","49,950","59,950","64,000","70,000","98,000","115,000","140,000","140,000","152,000","165,000","164,564","146,000","150,000","130,000","145,000"
S02000410,S02000410   Restalrig and Lochend,19,36,45,42,44,57,57,67,60,76,70,57,62,95,89,52,35,29,24,25,"33,000","32,625","36,000","34,000","33,700","39,000","38,000","40,000","44,000","52,000","63,000","73,000","80,000","90,000","105,050","110,000","100,000","93,000","80,000","80,000","35,000","36,250","40,750","37,000","37,000","45,000","42,750","50,159","48,600","58,750","70,000","82,000","88,000","99,000","120,000","119,975","110,000","110,000","101,500","95,000","34,976","41,834","54,298","41,188","38,548","59,464","51,240","57,314","53,167","60,388","72,423","87,361","91,525","104,556","119,282","117,936","111,231","105,733","101,765","103,230","38,000","38,725","55,500","46,950","42,000","86,000","68,000","76,000","54,100","70,000","78,078","89,000","98,000","117,000","127,500","125,000","120,000","125,000","118,000","122,000"
S02000411,S02000411   Drylaw,32,55,43,34,57,48,69,43,53,85,83,90,85,97,112,81,26,52,34,39,"35,125","35,000","37,900","36,950","36,500","39,250","42,000","41,000","42,500","49,850","59,900","75,000","90,000","95,000","120,000","118,000","100,000","99,500","100,000","85,000","43,256","42,000","44,500","44,500","46,950","47,750","54,000","46,000","55,000","68,000","75,000","95,650","115,000","120,000","138,250","131,000","123,750","120,500","133,000","120,000","58,809","46,210","60,050","47,541","45,379","54,201","55,966","49,686","58,866","67,068","80,411","98,059","131,068","125,926","157,949","153,074","128,563","129,213","139,315","127,594","52,000","54,150","59,950","56,100","52,500","56,000","60,000","53,121","60,000","81,500","90,000","122,000","149,049","140,000","186,343","172,000","140,000","151,250","160,000","163,400"
S02000412,S02000412   Broughton,244,239,222,227,280,324,363,325,336,391,404,451,389,403,451,233,181,175,142,170,"35,500","36,000","36,500","38,250","41,357","48,900","56,750","58,500","60,000","85,000","100,000","123,000","125,000","122,950","150,000","155,000","140,000","130,243","120,000","123,500","44,500","43,000","46,614","46,000","57,000","69,950","72,950","81,750","94,000","125,000","146,000","162,000","168,125","171,560","195,101","190,000","165,281","175,000","166,000","172,500","48,211","48,654","52,126","54,360","60,758","69,116","79,000","83,629","98,713","131,753","150,352","165,322","172,180","179,676","203,666","198,381","179,073","187,310","174,971","191,316","54,525","57,500","60,000","60,000","70,000","79,013","90,000","97,321","120,059","158,000","180,000","192,250","202,000","213,500","240,000","230,000","202,500","215,000","200,000","220,000"
S02000413,S02000413   Barnton and Cammo,54,74,64,65,77,65,68,54,54,66,66,87,69,98,103,50,39,51,51,62,"95,000","75,000","75,000","85,000","101,100","90,000","115,339","103,995","100,000","145,500","170,000","189,950","220,000","215,000","230,000","249,999","190,000","205,000","195,000","130,000","120,841","109,050","107,000","121,000","122,325","127,000","139,750","147,504","160,000","192,500","222,161","250,000","300,000","287,500","290,000","381,000","285,000","290,000","299,000","241,125","135,147","120,340","134,074","150,290","143,825","145,289","153,292","170,461","207,086","209,047","275,155","271,786","323,333","303,320","320,544","425,792","338,966","314,002","279,186","256,325","158,000","136,500","147,500","147,000","151,150","175,000","180,000","178,385","300,000","250,000","350,000","355,000","386,019","375,000","395,055","630,900","370,000","385,000","349,000","320,000"
S02000414,S02000414   Hermitage Park and Prospect Bank,122,110,106,155,145,149,168,184,159,171,191,149,205,185,213,102,66,82,61,64,"39,000","41,500","43,000","45,500","48,500","54,000","57,500","58,500","65,000","75,000","87,500","100,055","120,000","129,000","145,500","141,000","150,000","138,000","123,500","125,000","51,350","49,500","53,750","58,000","59,450","65,000","72,000","77,250","81,000","98,000","110,000","126,000","165,000","171,250","178,000","186,123","178,128","170,000","165,150","160,000","54,886","55,303","58,222","61,409","68,229","71,149","78,892","83,955","92,089","107,463","127,046","146,721","164,059","175,309","190,034","196,945","183,398","188,428","180,691","182,960","60,000","66,000","68,000","73,000","77,000","83,500","88,128","93,750","101,000","125,000","149,000","165,776","185,000","191,500","205,013","230,000","222,222","224,000","232,500","222,500"
S02000415,S02000415   Inverleith,101,113,86,113,123,134,141,100,135,115,118,114,106,120,109,96,84,76,64,70,"49,500","56,500","52,000","55,500","57,025","65,000","71,500","76,325","79,817","92,505","116,000","134,500","145,000","155,000","160,000","185,000","175,000","196,000","161,000","152,000","60,000","71,500","68,300","70,000","72,000","73,500","87,000","92,000","101,500","126,000","146,250","164,500","194,500","201,000","211,125","295,000","250,000","284,502","238,750","246,795","74,513","86,732","90,438","84,225","104,304","105,333","106,843","139,050","163,256","198,864","187,724","232,418","273,592","256,147","246,761","370,680","295,245","279,550","263,759","290,944","75,000","97,000","90,031","90,000","122,000","103,000","122,750","140,571","150,100","221,221","200,000","249,000","300,000","298,000","286,224","575,000","307,500","357,500","310,125","310,000"
S02000416,S02000416   South Leith,181,170,158,169,158,178,170,148,178,246,224,212,203,231,178,98,78,65,62,60,"31,000","31,000","33,000","33,995","34,995","36,995","39,000","45,000","47,000","60,000","75,000","89,413","92,200","105,000","125,000","120,000","115,000","110,000","105,000","95,000","35,500","35,875","38,000","41,500","40,750","44,950","50,000","52,534","58,000","75,000","94,514","114,225","115,000","125,100","143,946","133,000","132,750","125,000","120,000","120,250","37,697","37,954","40,664","45,939","42,942","49,984","51,386","57,666","61,757","80,656","100,194","119,501","119,254","133,812","153,963","145,543","142,759","143,529","125,705","126,871","42,000","44,000","44,500","47,995","49,000","55,555","59,500","64,675","70,000","89,756","125,000","140,250","138,500","156,550","165,000","159,000","166,500","150,000","147,000","155,000"
S02000417,S02000417   Silverknowes and Davidson`s Mains,71,87,65,70,83,82,69,69,80,93,96,121,113,103,120,55,48,56,45,56,"47,950","53,000","56,500","52,000","58,720","57,000","65,500","75,500","70,609","113,750","114,000","145,000","145,000","185,821","177,500","158,000","165,000","193,601","157,500","139,000","67,257","68,000","81,500","74,500","83,500","88,438","85,000","111,157","97,559","146,000","155,888","177,000","186,500","225,000","240,000","230,000","247,750","250,000","230,000","200,000","74,399","74,277","82,889","83,334","87,972","86,536","102,301","116,825","109,692","162,186","168,047","189,177","192,927","241,180","264,317","251,220","275,931","281,826","253,761","201,839","83,250","88,000","91,000","86,125","100,157","105,000","112,000","142,200","134,254","196,000","197,500","220,000","220,000","265,000","302,801","299,000","355,000","344,839","287,200","250,000"
S02000418,S02000418   Bonnington and Pilrig,130,168,150,136,159,163,156,164,169,218,234,218,151,184,215,108,102,92,98,72,"33,250","34,995","33,000","34,000","38,000","38,500","44,100","50,250","49,995","68,365","79,950","99,500","95,000","106,550","125,000","124,750","115,000","115,000","120,000","111,250","39,500","42,125","39,000","41,250","46,000","48,250","55,050","60,000","60,000","85,000","98,500","119,875","115,000","135,000","148,500","150,000","150,500","150,000","148,998","143,750","42,071","43,902","44,964","45,756","48,658","49,926","57,938","64,898","65,791","92,976","101,604","126,974","130,198","144,672","162,425","171,101","154,350","152,215","153,729","149,769","47,300","51,000","50,000","50,000","53,500","55,051","64,498","69,950","74,950","108,500","113,000","140,000","135,000","159,750","180,000","194,998","170,950","176,975","168,000","161,812"
S02000419,S02000419   Muirhouse,7,7,6,9,5,14,24,44,71,33,20,27,91,108,156,74,34,45,36,25,"15,000","17,000","27,500","25,750","28,000","32,000","30,000","28,475","44,350","32,500","34,000","29,000","61,200","112,250","122,750","130,000","90,000","120,000","87,250","75,000","17,500","19,995","28,998","26,950","30,000","33,250","35,750","34,738","51,333","47,750","56,278","43,000","128,900","131,500","146,500","157,125","115,000","129,995","118,902","88,000","28,333","27,267","31,289","42,194","30,890","34,643","37,298","36,493","49,134","43,163","52,147","51,193","124,066","141,064","152,909","150,331","109,610","132,355","108,078","112,132","29,500","22,000","34,950","32,000","34,950","42,000","44,000","44,350","57,000","50,000","62,500","75,000","165,000","187,475","186,750","166,995","125,000","137,000","131,500","125,000"
S02000420,S02000420   Great Junction Street,86,89,89,87,97,107,99,97,197,220,240,281,204,225,214,103,63,61,54,57,"29,500","31,750","32,500","35,000","33,500","34,900","39,177","46,346","55,000","71,759","85,250","105,000","105,000","120,750","131,117","125,000","112,000","110,000","105,750","108,000","34,000","38,000","39,600","42,000","38,000","40,000","48,000","57,500","79,950","95,250","120,500","138,000","135,000","148,750","150,000","150,000","130,000","140,000","131,750","140,000","37,165","41,221","45,003","44,585","42,386","44,832","53,332","65,569","76,515","102,631","124,016","137,887","138,612","151,549","158,146","161,344","135,997","142,271","134,291","146,468","39,000","48,277","53,000","52,500","48,750","53,000","62,121","80,000","91,750","125,000","138,498","170,910","163,024","169,500","180,000","190,000","159,995","170,000","150,000","165,000"
S02000421,S02000421   Cramond,64,66,64,73,83,80,77,66,63,76,59,68,99,110,146,76,52,34,42,64,"55,500","77,000","73,000","73,000","75,000","80,575","92,700","100,000","97,000","117,018","140,000","172,500","175,150","231,616","300,000","249,500","184,500","169,000","233,000","192,500","90,050","103,500","97,250","110,000","115,000","111,250","140,000","142,096","142,000","175,000","183,000","275,614","325,000","326,500","382,500","320,000","291,000","308,750","335,000","314,375","104,081","126,389","108,403","150,734","139,006","146,015","169,100","200,745","155,652","212,284","247,567","317,846","324,157","368,034","428,153","368,045","365,474","296,025","376,905","343,559","124,500","156,000","117,500","201,000","165,518","166,250","230,000","230,000","200,000","259,250","320,000","375,000","482,500","525,000","615,000","437,500","485,000","380,000","495,000","394,975"
S02000422,S02000422   West Pilton,77,102,63,63,56,49,77,111,174,155,130,124,126,147,190,168,101,53,59,76,"29,000","31,000","31,500","29,950","29,998","29,995","31,950","33,900","35,000","36,000","44,500","48,845","62,150","73,000","100,000","112,250","110,000","105,000","85,000","83,750","31,500","34,950","33,000","33,000","32,000","35,750","36,000","42,000","45,500","45,000","56,500","63,890","71,500","88,027","117,298","130,498","119,995","120,000","117,000","103,250","33,027","36,335","34,643","34,407","34,068","37,304","44,828","52,335","63,693","54,863","68,902","71,245","86,382","110,853","121,977","132,710","119,217","127,472","111,751","106,300","36,000","42,000","37,750","36,000","39,375","42,950","45,000","55,000","96,500","57,000","76,256","79,000","95,000","142,500","134,995","149,316","132,000","145,000","135,000","129,000"
S02000423,S02000423   Boswall and Pilton,68,69,83,75,76,120,93,79,112,121,91,98,190,175,249,120,79,64,71,85,"41,000","41,150","43,000","43,000","43,620","48,000","49,000","53,000","55,250","60,000","72,500","87,500","120,000","118,000","145,000","147,080","145,000","125,000","126,126","125,000","44,250","44,950","46,000","51,000","47,000","68,625","53,000","59,999","62,250","72,000","80,115","104,750","168,000","168,000","195,000","176,500","200,000","156,250","160,500","165,100","53,146","56,127","57,956","63,136","54,966","67,835","69,081","77,081","79,830","90,259","104,488","120,548","167,317","167,914","195,909","194,605","198,237","172,166","174,906","170,535","59,050","60,000","68,250","81,000","62,409","81,000","90,000","99,000","96,500","107,157","118,000","140,000","205,000","200,000","235,000","245,000","249,000","230,751","220,000","205,000"
S02000424,S02000424   East Trinity and Bonnyhaugh,160,162,152,176,168,180,174,209,179,177,161,165,162,203,150,102,101,77,89,77,"47,250","44,000","47,000","54,000","54,975","59,950","70,257","78,200","73,000","97,122","105,000","122,250","128,500","142,500","158,000","152,800","146,500","180,000","158,000","147,000","58,250","57,456","64,725","69,998","70,000","76,882","91,750","115,115","100,000","123,123","140,000","148,500","167,500","175,000","191,500","203,750","185,000","212,500","185,000","177,500","67,801","65,823","75,166","78,166","79,106","90,477","110,252","124,644","131,905","150,755","162,706","174,855","204,372","211,675","239,868","270,093","237,677","256,272","236,820","237,994","77,875","75,500","87,500","87,750","86,500","107,666","136,000","150,000","155,000","180,000","175,000","188,000","230,000","250,000","280,000","360,000","277,273","300,000","275,000","280,000"
S02000425,S02000425   Trinity,130,133,115,121,99,135,114,111,121,116,113,114,107,121,123,84,56,82,56,84,"50,000","51,950","52,000","49,500","54,297","67,500","52,000","65,000","67,500","88,500","124,124","129,500","150,000","130,000","162,100","168,998","160,000","187,087","183,750","176,500","66,750","66,500","70,000","76,000","80,000","91,000","89,750","97,500","106,601","126,613","173,173","184,228","219,000","195,000","237,100","250,000","237,500","272,500","280,000","250,000","86,217","84,807","90,149","94,410","104,173","114,398","108,970","133,567","152,578","192,831","226,407","244,622","274,221","251,954","296,041","318,176","287,030","327,049","323,503","329,404","95,751","92,157","100,017","111,111","130,000","121,000","133,000","149,000","175,006","244,075","273,000","305,000","351,275","321,150","360,000","395,575","350,700","425,000","462,778","447,500"
S02000426,S02000426   Leith Docks,85,105,123,131,195,244,290,183,305,446,354,385,390,533,450,314,231,149,121,136,"33,995","34,500","40,000","43,000","46,000","56,750","59,950","60,000","74,000","85,000","112,000","121,168","125,000","142,050","150,000","146,500","135,300","145,000","145,000","136,250","42,000","42,995","47,950","55,000","60,000","73,875","70,743","75,000","92,995","112,000","137,000","150,000","167,500","176,450","179,975","176,000","160,000","165,000","162,000","162,500","44,278","47,648","50,339","54,887","63,723","76,089","73,431","82,316","95,544","117,736","150,247","159,777","189,110","192,803","201,306","197,782","175,122","181,269","175,967","169,316","48,950","52,995","59,500","66,950","76,000","93,500","83,950","96,450","105,500","138,000","177,000","185,000","224,000","230,000","233,028","239,395","195,000","190,000","195,000","202,500"
S02000427,S02000427   North Leith and Newhaven,135,148,127,148,140,136,148,151,149,305,301,166,207,240,185,113,64,62,55,76,"31,500","32,000","33,500","33,500","34,000","35,000","38,250","43,500","45,500","67,000","77,000","83,520","93,000","102,100","120,000","115,000","105,000","95,000","106,000","95,750","35,500","37,500","39,950","39,625","39,850","41,071","45,505","56,000","57,950","100,450","130,000","97,500","120,000","129,290","138,500","135,000","122,000","119,500","135,000","114,000","39,474","45,219","46,184","44,803","44,949","49,323","57,678","62,792","75,591","111,621","134,312","116,487","135,935","143,314","168,239","163,800","131,079","134,455","153,849","128,912","41,000","45,000","50,000","49,950","49,475","54,500","65,000","68,000","79,500","137,500","170,000","129,750","159,000","162,500","185,000","177,500","151,250","138,500","162,000","137,750"
S02000428,S02000428   Waterfront and Granton,33,40,38,48,37,50,44,38,57,53,73,106,67,142,186,143,57,56,50,58,"32,000","35,000","32,000","36,000","40,000","37,000","39,498","32,000","41,000","38,000","58,000","70,210","75,054","95,600","119,000","118,000","114,995","110,000","80,000","82,000","38,500","41,475","40,500","42,250","42,500","40,500","46,000","42,500","52,000","55,000","73,500","119,500","92,500","120,000","159,148","160,000","129,670","120,000","104,428","124,250","38,447","41,789","39,455","42,463","45,994","43,334","49,288","42,040","51,387","61,146","90,716","122,385","97,220","139,216","172,471","166,082","140,746","125,831","119,659","126,153","41,500","44,750","43,500","46,500","47,000","46,500","50,500","50,000","58,500","71,517","110,660","145,000","113,500","175,703","215,950","196,950","160,995","137,000","174,000","169,500"
S02000429,S02000429   South Queensferry (East) and Dalmeny,91,109,96,95,147,115,157,135,105,164,143,90,135,158,120,76,50,55,54,73,"38,000","36,700","41,725","37,500","44,000","42,000","47,000","48,000","51,750","65,000","75,000","81,250","93,661","119,500","135,075","120,000","121,000","123,000","150,000","115,000","45,950","45,125","48,750","47,000","56,000","55,900","60,000","65,000","63,500","85,000","90,500","112,125","127,500","141,139","172,550","165,000","153,500","165,000","204,500","134,500","53,399","53,180","58,811","55,854","62,787","72,358","96,651","89,973","78,076","114,187","145,098","144,823","140,864","164,221","216,645","197,002","212,000","204,877","264,648","168,060","57,000","56,000","60,000","59,000","72,000","89,000","155,000","91,000","82,000","151,413","210,000","175,000","154,000","185,000","286,391","222,000","249,500","280,000","365,000","178,000"
S02000430,S02000430   South Queensferry West,115,123,125,105,108,92,102,91,97,99,80,74,82,118,97,60,54,35,36,55,"45,000","45,000","45,500","49,500","46,000","49,750","47,000","49,995","49,995","64,500","72,850","83,125","89,000","98,275","122,000","110,305","120,000","111,500","132,500","110,000","57,700","57,000","56,950","60,000","59,000","59,998","60,000","65,500","71,000","80,550","95,780","115,500","125,000","135,000","165,000","159,475","173,483","175,000","155,000","151,000","62,495","64,454","60,950","64,263","61,702","63,735","66,113","69,523","76,024","89,742","102,471","128,213","128,285","142,044","165,252","166,605","170,586","162,863","165,550","153,708","70,000","68,000","70,000","75,000","70,000","71,500","75,500","85,000","90,000","110,277","124,071","155,000","165,000","175,000","200,000","216,000","208,000","195,000","182,498","185,000"
